Workbook

Sheet Agents
A1: agent_id | B1: shift | C1: salary | D1: team | E1: experience_level
A2: A001 | B2: Morning | C2: 40661 | D2: Team1 | E2: Junior
A3: A002 | B3: Evening | C3: 48309 | D3: Team3 | E3: Mid
A4: A003 | B4: Evening | C4: 45260 | D4: Team4 | E4: Senior
A5: A004 | B5: Evening | C5: 33738 | D5: Team4 | E5: Junior
A6: A005 | B6: Evening | C6: 22170 | D6: Team5 | E6: Senior
A7: A006 | B7: Night | C7: 45991 | D7: Team5 | E7: Junior
A8: A007 | B8: Night | C8: 23922 | D8: Team3 | E8: Mid
A9: A008 | B9: Evening | C9: 25015 | D9: Team3 | E9: Mid
A10: A009 | B10: Night | C10: 26778 | D10: Team3 | E10: Mid
A11: A010 | B11: Evening | C11: 41297 | D11: Team3 | E11: Junior
A12: A011 | B12: Evening | C12: 28323 | D12: Team3 | E12: Senior
A13: A012 | B13: Morning | C13: 49452 | D13: Team1 | E13: Junior
... A51: A050 | B51: Morning | C51: 42173 | D51: Team1 | E51: Senior

Sheet Tickets
A1: ticket_id | B1: customer_id | C1: issue_type | D1: priority | E1: created_date | F1: resolved_date | G1: agent_id | H1: status | I1: escalation_flag | J1: csat_score | K1: is_closed | L1: resolved_time_hours | M1: sla_breach | N1: month | O1: tat_days | P1: team | Q1: experience_level | R1: shift
A2: T00001 | B2: C4277 | C2: Refund | D2: High | E2: 46063.704 | F2: 46064.579 | G2: A050 | H2: Closed | I2: No | J2: 4 | K2: =IF(tickets_dataset[[#This Row],[status]] = "Closed", "Yes","No") -> Yes | L2: =IF(ISBLANK(F2),"",(F2-E2)*24) -> 21 | M2: =IF(L2>48,"Yes","No") -> No | N2: =TEXT(E2,"mmm") -> Feb | O2: =F2-E2 -> 0.875 | P2: =VLOOKUP(G2,Agents!A:E,4,FALSE) -> Team1 | Q2: =VLOOKUP(G2,Agents!A:E,5,FALSE) -> Senior | R2: =VLOOKUP(G2,Agents!A:E,2,FALSE) -> Morning
A3: T00002 | B3: C0441 | C3: Refund | D3: High | E3: 46101.757 | F3: 46103.465 | G3: A003 | H3: Closed | I3: No | J3: 4 | K3: =IF(tickets_dataset[[#This Row],[status]] = "Closed", "Yes","No") -> Yes | L3: =IF(ISBLANK(F3),"",(F3-E3)*24) -> 41 | M3: =IF(L3>48,"Yes","No") -> No | N3: =TEXT(E3,"mmm") -> Mar | O3: =F3-E3 -> 1.7083333 | P3: =VLOOKUP(G3,Agents!A:E,4,FALSE) -> Team4 | Q3: =VLOOKUP(G3,Agents!A:E,5,FALSE) -> Senior | R3: =VLOOKUP(G3,Agents!A:E,2,FALSE) -> Evening
A4: T00003 | B4: C0404 | C4: Order Issue | D4: High | E4: 46075.097 | F4: 46078.262 | G4: A011 | H4: Closed | I4: No | J4: 3 | K4: =IF(tickets_dataset[[#This Row],[status]] = "Closed", "Yes","No") -> Yes | L4: =IF(ISBLANK(F4),"",(F4-E4)*24) -> 75.966667 | M4: =IF(L4>48,"Yes","No") -> Yes | N4: =TEXT(E4,"mmm") -> Feb | O4: =F4-E4 -> 3.1652778 | P4: =VLOOKUP(G4,Agents!A:E,4,FALSE) -> Team3 | Q4: =VLOOKUP(G4,Agents!A:E,5,FALSE) -> Senior | R4: =VLOOKUP(G4,Agents!A:E,2,FALSE) -> Evening
A5: T00004 | B5: C3882 | C5: Refund | D5: Medium | E5: 46034.142 | F5: 46035.808 | G5: A025 | H5: Open | I5: No | J5: 3 | K5: =IF(tickets_dataset[[#This Row],[status]] = "Closed", "Yes","No") -> No | L5: =IF(ISBLANK(F5),"",(F5-E5)*24) -> 40 | M5: =IF(L5>48,"Yes","No") -> No | N5: =TEXT(E5,"mmm") -> Jan | O5: =F5-E5 -> 1.6666667 | P5: =VLOOKUP(G5,Agents!A:E,4,FALSE) -> Team5 | Q5: =VLOOKUP(G5,Agents!A:E,5,FALSE) -> Senior | R5: =VLOOKUP(G5,Agents!A:E,2,FALSE) -> Morning
A6: T00005 | B6: C0419 | C6: Refund | D6: High | E6: 46106.694 | F6: 46108.444 | G6: A005 | H6: Closed | I6: No | J6: 5 | K6: =IF(tickets_dataset[[#This Row],[status]] = "Closed", "Yes","No") -> Yes | L6: =IF(ISBLANK(F6),"",(F6-E6)*24) -> 42 | M6: =IF(L6>48,"Yes","No") -> No | N6: =TEXT(E6,"mmm") -> Mar | O6: =F6-E6 -> 1.75 | P6: =VLOOKUP(G6,Agents!A:E,4,FALSE) -> Team5 | Q6: =VLOOKUP(G6,Agents!A:E,5,FALSE) -> Senior | R6: =VLOOKUP(G6,Agents!A:E,2,FALSE) -> Evening
A7: T00006 | B7: C0203 | C7: Other | D7: Medium | E7: 46055.149 | F7: 46056.607 | G7: A048 | H7: Closed | I7: No | J7: 3 | K7: =IF(tickets_dataset[[#This Row],[status]] = "Closed", "Yes","No") -> Yes | L7: =IF(ISBLANK(F7),"",(F7-E7)*24) -> 35 | M7: =IF(L7>48,"Yes","No") -> No | N7: =TEXT(E7,"mmm") -> Feb | O7: =F7-E7 -> 1.4583333 | P7: =VLOOKUP(G7,Agents!A:E,4,FALSE) -> Team1 | Q7: =VLOOKUP(G7,Agents!A:E,5,FALSE) -> Senior | R7: =VLOOKUP(G7,Agents!A:E,2,FALSE) -> Evening
A8: T00007 | B8: C2792 | C8: Other | D8: Low | E8: 46064.093 | F8: 46067.593 | G8: A009 | H8: Closed | I8: No | J8: 4 | K8: =IF(tickets_dataset[[#This Row],[status]] = "Closed", "Yes","No") -> Yes | L8: =IF(ISBLANK(F8),"",(F8-E8)*24) -> 84 | M8: =IF(L8>48,"Yes","No") -> Yes | N8: =TEXT(E8,"mmm") -> Feb | O8: =F8-E8 -> 3.5 | P8: =VLOOKUP(G8,Agents!A:E,4,FALSE) -> Team3 | Q8: =VLOOKUP(G8,Agents!A:E,5,FALSE) -> Mid | R8: =VLOOKUP(G8,Agents!A:E,2,FALSE) -> Night
A9: T00008 | B9: C4619 | C9: Other | D9: Low | E9: 46039.538 | F9: 46043.288 | G9: A047 | H9: Closed | I9: No | J9: 3 | K9: =IF(tickets_dataset[[#This Row],[status]] = "Closed", "Yes","No") -> Yes | L9: =IF(ISBLANK(F9),"",(F9-E9)*24) -> 90 | M9: =IF(L9>48,"Yes","No") -> Yes | N9: =TEXT(E9,"mmm") -> Jan | O9: =F9-E9 -> 3.75 | P9: =VLOOKUP(G9,Agents!A:E,4,FALSE) -> Team2 | Q9: =VLOOKUP(G9,Agents!A:E,5,FALSE) -> Junior | R9: =VLOOKUP(G9,Agents!A:E,2,FALSE) -> Night
A10: T00009 | B10: C2404 | C10: Refund | D10: Low | E10: 46099.94 | F10: 46101.148 | G10: A035 | H10: Closed | I10: No | J10: 5 | K10: =IF(tickets_dataset[[#This Row],[status]] = "Closed", "Yes","No") -> Yes | L10: =IF(ISBLANK(F10),"",(F10-E10)*24) -> 29 | M10: =IF(L10>48,"Yes","No") -> No | N10: =TEXT(E10,"mmm") -> Mar | O10: =F10-E10 -> 1.2083333 | P10: =VLOOKUP(G10,Agents!A:E,4,FALSE) -> Team5 | Q10: =VLOOKUP(G10,Agents!A:E,5,FALSE) -> Senior | R10: =VLOOKUP(G10,Agents!A:E,2,FALSE) -> Morning
A11: T00010 | B11: C3908 | C11: Other | D11: Medium | E11: 46023.451 | F11: 46024.41 | G11: A047 | H11: Closed | I11: No | J11: 3 | K11: =IF(tickets_dataset[[#This Row],[status]] = "Closed", "Yes","No") -> Yes | L11: =IF(ISBLANK(F11),"",(F11-E11)*24) -> 23 | M11: =IF(L11>48,"Yes","No") -> No | N11: =TEXT(E11,"mmm") -> Jan | O11: =F11-E11 -> 0.95833333 | P11: =VLOOKUP(G11,Agents!A:E,4,FALSE) -> Team2 | Q11: =VLOOKUP(G11,Agents!A:E,5,FALSE) -> Junior | R11: =VLOOKUP(G11,Agents!A:E,2,FALSE) -> Night
A12: T00011 | B12: C2863 | C12: Technical | D12: Low | E12: 46030.571 | F12: 46034.363 | G12: A048 | H12: Closed | I12: No | J12: 3 | K12: =IF(tickets_dataset[[#This Row],[status]] = "Closed", "Yes","No") -> Yes | L12: =IF(ISBLANK(F12),"",(F12-E12)*24) -> 91 | M12: =IF(L12>48,"Yes","No") -> Yes | N12: =TEXT(E12,"mmm") -> Jan | O12: =F12-E12 -> 3.7916667 | P12: =VLOOKUP(G12,Agents!A:E,4,FALSE) -> Team1 | Q12: =VLOOKUP(G12,Agents!A:E,5,FALSE) -> Senior | R12: =VLOOKUP(G12,Agents!A:E,2,FALSE) -> Evening
A13: T00012 | B13: C1433 | C13: Refund | D13: Medium | E13: 46095.199 | F13: 46098.157 | G13: A019 | H13: Closed | I13: No | J13: 5 | K13: =IF(tickets_dataset[[#This Row],[status]] = "Closed", "Yes","No") -> Yes | L13: =IF(ISBLANK(F13),"",(F13-E13)*24) -> 71 | M13: =IF(L13>48,"Yes","No") -> Yes | N13: =TEXT(E13,"mmm") -> Mar | O13: =F13-E13 -> 2.9583333 | P13: =VLOOKUP(G13,Agents!A:E,4,FALSE) -> Team1 | Q13: =VLOOKUP(G13,Agents!A:E,5,FALSE) -> Junior | R13: =VLOOKUP(G13,Agents!A:E,2,FALSE) -> Night
... A10001: T10000 | B10001: C3941 | C10001: Order Issue | D10001: Low | E10001: 46063.894 | F10001: 46064.811 | G10001: A047 | H10001: Closed | I10001: No | J10001: 5 | K10001: =IF(tickets_dataset[[#This Row],[status]] = "Closed", "Yes","No") -> Yes | L10001: =IF(ISBLANK(F10001),"",(F10001-E10001)*24) -> 22 | M10001: =IF(L10001>48,"Yes","No") -> No | N10001: =TEXT(E10001,"mmm") -> Feb | O10001: =F10001-E10001 -> 0.91666667 | P10001: =VLOOKUP(G10001,Agents!A:E,4,FALSE) -> Team2 | Q10001: =VLOOKUP(G10001,Agents!A:E,5,FALSE) -> Junior | R10001: =VLOOKUP(G10001,Agents!A:E,2,FALSE) -> Night

Sheet KPI_summary
A1: Metric | B1: Total Tickets | C1: Closed Tickets | D1: Closure Rate % | E1: Avg Resolution Time(hrs) | F1: Avg TAT (days) | G1: SLA Compliance % | H1: Escalation Rate % | I1: Avg CSAT Score
B2: =COUNTA(tickets_dataset[ticket_id]) -> 10000 | C2: =COUNTIF(tickets_dataset[is_closed],"Yes") -> 8493 | D2: =COUNTIF(tickets_dataset[is_closed],"Yes")/COUNTA(tickets_dataset[ticket_id]) -> 0.8493 | E2: =AVERAGE(tickets_dataset[resolved_time_hours]) -> 36.957997 | F2: =AVERAGE(tickets_dataset[tat_days]) -> 1.5399165 | G2: =1-(COUNTIF(tickets_dataset[sla_breach],"Yes")/COUNTA(tickets_dataset[ticket_id])) -> 0.7239 | H2: =COUNTIF(tickets_dataset[escalation_flag],"Yes")/COUNTA(tickets_dataset[ticket_id]) -> 0.0661 | I2: =AVERAGE(tickets_dataset[csat_score]) -> 3.9014

Sheet pivot_priority
A3: Row Labels | B3: Count of ticket_id
A4: High | B4: 0.3405
A5: Low | B5: 0.3294
A6: Medium | B6: 0.3301
A7: Grand Total | B7: 1
B19: High-priority issues account for roughly one-quarter of all support tickets, indicating a significant share of urgent customer problems. | D19: 0.3405 | E19: of all support tickets, indicating a significant share of Urgent Customer Problems.
C21: A High(or low or medium) Priority Ticket Could be any of the 5 issues among Refund, Payment, Order Issue, Other | K21: , technical
C23: High Priority Tickets indicate urgent customer Support problems
C24: Recommendation - Improve Escalation Operational Handling efficiency for High Priority Tickets

Sheet pivot_ticket_status
A3: Row Labels | B3: Count of ticket_id | C3: Ticket Closure Rate
A4: Closed | B4: 8493 | C4: =GETPIVOTDATA("ticket_id",$A$3,"status","Closed")/GETPIVOTDATA("ticket_id",$A$3) -> 0.8493
A5: Escalated | B5: 501
A6: Open | B6: 1006
A7: Grand Total | B7: 10000
A21: Resume Summary - The support team achieved an ~85% ticket closure rate, with the remaining tickets representing operational backlog.

Sheet pivot_agent_performance
A3: Row Labels | B3: Count of ticket_id
A4: A009 | B4: 234
A5: A047 | B5: 233
A6: A039 | B6: 230
A7: A019 | B7: 225
A8: A012 | B8: 224
A9: A013 | B9: 223
A10: A024 | B10: 216
A11: A007 | B11: 215
A12: A006 | B12: 214
A13: A022 | B13: 211
A14: A037 | B14: 207
A15: A017 | B15: 206
... A20: A020 | B20: 203
A21: A032 | B21: 203 | D21: Summary
A22: A041 | B22: 202 | D22: The top agent managed 234 tickets compared to the minimum of 160, equating to about 1.5× the workload of the lowest‑volume agent. This highlights a potential imbalance in ticket distribution that may warrant review.
A23: A004 | B23: 202
A24: A015 | B24: 201 | D24: Recommendation- Balance Ticket assignments across agents
A25: A040 | B25: 201
A26: A042 | B26: 200
A27: A021 | B27: 199
A28: A031 | B28: 199
A29: A005 | B29: 198
A30: A002 | B30: 197
A31: A045 | B31: 197
A32: A048 | B32: 196
A33: A027 | B33: 196
A34: A011 | B34: 195
A35: A050 | B35: 195
A36: A030 | B36: 195
... A54: Grand Total | B54: 10000

Sheet pivot_agent_resolution
A3: Row Labels | B3: Average of resolved_time_hours
A4: A001 | B4: 34.262887
A5: A046 | B5: 34.345745
A6: A026 | B6: 34.777202
A7: A003 | B7: 35.092683
A8: A015 | B8: 35.308458
A9: A002 | B9: 35.370558
A10: A038 | B10: 35.502703
A11: A034 | B11: 35.507317
A12: A022 | B12: 35.592417
A13: A006 | B13: 35.593458
A14: A018 | B14: 35.673797
A15: A023 | B15: 35.772021
... A19: A009 | B19: 35.987179
A20: A030 | B20: 36.071795 | D20: Average resolution time = 36.96 hours
A21: A035 | B21: 36.080925 | D21: Fastest agent avg = 34.26 hours
A22: A041 | B22: 36.094059 | D22: Slowest agent avg = 40.99 hours
A23: A010 | B23: 36.132353
A24: A043 | B24: 36.316062 | D24: Summary
A25: A037 | B25: 36.454106 | D25: So the slowest agents take about ~7 hours longer than the fastest.
A26: A042 | B26: 36.455
A27: A014 | B27: 36.45641 | D27: Analyzed agent performance across 10,000 support tickets, identifying an average resolution time of 36.9 hours with a ~7-hour efficiency gap between fastest and slowest agents, indicating potential opportunities for process standardization and training.
A28: A016 | B28: 36.630208
A29: A019 | B29: 36.671111 | D29: recommendation - Provide Training for Slower agents
A30: A027 | B30: 36.77551
A31: A031 | B31: 36.944724
A32: A050 | B32: 37.061538
A33: A045 | B33: 37.137056
A34: A008 | B34: 37.325
A35: A036 | B35: 37.389189
A36: A049 | B36: 37.401961
A37: A040 | B37: 37.522388
A38: A039 | B38: 37.53913
A39: A011 | B39: 37.610085
A40: A033 | B40: 37.994382
A41: A044 | B41: 38.032086
... A54: Grand Total | B54: 36.957997

Sheet pivot_issuetype
A3: Row Labels | B3: Count of ticket_id
A4: Order Issue | B4: 0.1919
A5: Other | B5: 0.1994
A6: Payment | B6: 0.2002
A7: Refund | B7: 0.2018
A8: Technical | B8: 0.2067
A9: Grand Total | B9: 1

Sheet pivot_monthly_trend
A3: Row Labels | B3: Count of ticket_id
A4: Jan | B4: 0.3452
A5: Feb | B5: 0.3191
A6: Mar | B6: 0.3357
A7: Grand Total | B7: 1
B18: Additional Insight
B19: 3452 − 3191 = 261 tickets
B20: ~7.5%
B21: Support ticket demand remained relatively stable with minor seasonal variation (~7–8%).
B24: Analyzed 10,000 support tickets and identified January as the peak support month (34.5%), followed by a temporary decline in February (31.9%) and recovery in March (33.6%), indicating moderate monthly fluctuations in support demand.

Sheet Business Insight Analysis Sheet
A1: Analysis Area | B1: Finding | C1: Interpretation | D1: Business Recommendation
A2: Ticket Priority | B2: High Priority Tickets = 34.05% | C2: A significant share of support requests are urgent, indicating the need for efficient Priority handling mechanisms.Significant Share of Urgent Issues. | D2: Improve escalation handling for high-priority tickets
A3: Ticket Status | B3: Ticket Closure rate = 85% | C3: Good, Stable percentage, The support team maintains a strong resolution rate | D3: Increase number of Skilled support staff to even more improve the percentage of ticket closure
A4: Agent Workload | B4: Top agent Handled 234 Tickets vs Lowest 160 Tickets | C4: Possible Workload imbalance as, the least ticket handles per agent was 160 | D4: Balance ticket assignment across agents
A5: Pivot Resolution Efficiency | B5: Avg Resolution Time = 36.96 hrs (Range: 34.26–40.99 hrs) | C5: Agents show generally consistent performance, with approximately 7-hour variation between fastest and slowest resolution times. Slowest agents take about 7 hours longer than the fastest. | D5: Provide Training for Slower Agents
A6: Issue type Distribution | B6: Highest % of issue type are Technical - 21% | C6: Ticket categories are evenly distributed across issue types (~19–21%), suggesting customer problems arise from multiple operational areas rather than a single dominant failure point, with technical issues slightly leading ticket volume. | D6: Improve Marketing Campaign Efficiecy
A7: Monthly Ticket Trend | B7: Jan = 3452, Feb = 3191, Mar = 3357 | C7: Ticket volume peaked in January, dropped in February, and slightly recovered in March, showing moderate workload fluctuations
